<?xml version="1.0" encoding="UTF-8"?>
<project-private xmlns="http://www.netbeans.org/ns/project-private/1">
    <editor-bookmarks xmlns="http://www.netbeans.org/ns/editor-bookmarks/1"/>
    <editor-bookmarks xmlns="http://www.netbeans.org/ns/editor-bookmarks/2" lastBookmarkId="0"/>
    <open-files xmlns="http://www.netbeans.org/ns/projectui-open-files/2">
        <group>
            <file>file:/C:/My_Documents/Spring2019/IST242/JDBC_XML_Examples/JDBC_InventoryExample/src/MetaDataExample.java</file>
            <file>file:/C:/My_Documents/Spring2019/IST242/JDBC_XML_Examples/JDBC_InventoryExample/src/ExecuteExample.java</file>
            <file>file:/C:/My_Documents/Spring2019/IST242/JDBC_XML_Examples/JDBC_InventoryExample/src/ResultSetExample.java</file>
            <file>file:/C:/My_Documents/Spring2019/IST242/JDBC_XML_Examples/JDBC_InventoryExample/src/ConnectionExample.java</file>
            <file>file:/C:/My_Documents/Spring2019/IST242/JDBC_XML_Examples/JDBC_InventoryExample/src/InsertionExample.java</file>
            <file>file:/C:/My_Documents/Spring2019/IST242/JDBC_XML_Examples/JDBC_InventoryExample/src/SimpleJDBCExample.java</file>
            <file>file:/C:/My_Documents/Spring2019/IST242/JDBC_XML_Examples/JDBC_InventoryExample/src/ResultSetMetaDataExample.java</file>
        </group>
    </open-files>
</project-private>
